date,retweets,favorite_count
1,73,0
2,7,1
3,1,3
4,1,45
5,557,0
6,20,1
7,5,2
8,7,3
9,1,4
10,1,5
11,1,7
12,2,8
13,1,11
14,1,16
15,1,32
16,1,38
17,1,69
18,1,78
19,1,239
20,472,0
21,24,1
22,5,2
23,3,3
24,1,4
25,1,9
26,1,10
27,1,12
28,1,13
29,1,15
30,1,28
31,1,64
32,510,0
33,35,1
34,7,2
35,3,3
36,2,4
37,2,5
38,2,6
39,2,7
40,1,8
41,1,36
42,479,0
43,6,1
44,3,2
45,1,3
46,1,22
47,205,0
48,7,1
49,1,11
50,533,0
51,15,1
52,1,2
53,4,3
54,2,4
55,1,5
56,1,18
57,1,37
58,1,95
59,1,107
60,1,154
61,549,0
62,13,1
63,7,2
64,2,3
65,1,5
66,1,18
67,1,31
68,504,0
69,10,1
70,1,2
71,2,3
72,376,0
73,8,1
74,1,29
75,236,0
76,5,1
77,2,3
78,1,6
79,1,21
80,280,0
81,2,1
82,2,3
83,1,4
84,1,32
85,1,35
86,281,0
87,6,1
88,3,2
89,1,3
90,1,4
91,1,5
92,1,6
93,1,8
94,1,19
95,261,0
96,11,1
97,3,2
98,1,4
99,2,6
100,1,8
101,2,11
102,252,0
103,6,1
104,1,2
105,1,3
106,1,6
107,1,9
108,1,10
109,1,17
110,1,19
111,226,0
112,3,1
113,2,2
114,1,3
115,1,5
116,1,18
117,225,0
118,4,1
119,1,2
120,2,3
121,211,0
122,5,1
123,1,2
124,1,5
125,1,8
126,190,0
127,1,6
128,10,0
129,1,1
130,186,0
131,1,1
132,3,2
133,1,3
134,1,4
135,1,5
136,1,8
137,1,13
138,1,18
139,1,120
140,185,0
141,6,1
142,1,2
143,1,10
144,1,26
145,1,76
146,1,202
147,184,0
148,2,1
149,1,3
150,1,13
151,1,20
152,1,138
153,179,0
154,3,1
155,2,2
156,3,3
157,1,4
158,1,49
159,1,210
160,185,0
161,1,1
162,2,2
163,178,0
164,4,1
165,2,2
166,2,3
167,1,4
168,1,25
169,167,0
170,2,1
171,2,2
172,1,3
173,1,4
174,185,0
175,2,1
176,2,2
177,1,6
178,1,7
179,1,10
180,174,0
181,3,1
182,2,2
183,3,3
184,1,5
185,1,6
186,1,13
187,183,0
188,6,1
189,1,2
190,1,45
191,182,0
192,4,1
193,162,0
194,1,1
195,133,0
196,1,1
197,1,2
198,2,3
199,1,4
200,1,9
201,1,298
202,135,0
203,3,1
204,5,2
205,1,3
206,2,5
207,1,12
208,1,69
209,162,0
210,4,1
211,4,2
212,1,11
213,1,12
214,1,14
215,140,0
216,2,1
217,3,2
218,3,3
219,1,32
220,141,0
221,4,1
222,2,2
223,1,3
224,2,6
225,1,9
226,163,0
227,1,1
228,1,2
229,2,3
230,1,5
231,1,6
232,1,14
233,147,0
234,1,1
235,1,2
236,1,4
237,1,5
238,1,6
239,1,23
240,1,160
241,181,0
242,4,1
243,1,2
244,1,3
245,1,6
246,1,21
247,137,0
248,1,1
249,1,4
250,1,10
251,134,0
252,1,1
253,1,3
254,1,9
255,139,0
256,3,1
257,2,2
258,1,3
259,1,4
260,1,6
261,139,0
262,1,1
263,1,2
264,1,3
265,127,0
266,4,1
267,1,4
268,2,5
269,1,6
270,1,15
271,140,0
272,2,1
273,2,2
274,2,5
275,136,0
276,7,1
277,3,2
278,2,3
279,1,6
280,1,15
281,139,0
282,4,1
283,3,2
284,1,3
285,132,0
286,2,1
287,1,2
288,3,3
289,1,4
290,1,8
291,1,12
292,137,0
293,2,1
294,2,2
295,1,3
296,1,4
297,1,7
298,1,9
299,1,17
300,1,50
301,1,86
302,126,0
303,4,1
304,2,2
305,2,4
306,1,38
307,142,0
308,4,1
309,1,2
310,1,3
311,108,0
312,3,1
313,3,3
314,1,4
315,1,19
316,103,0
317,2,1
318,1,35
319,123,0
320,3,1
321,1,3
322,2,4
323,1,8
324,1,9
325,1,90
326,101,0
327,4,1
328,1,2
329,92,0
330,1,1
331,2,2
332,1,4
333,1,8
334,1,10
335,124,0
336,4,1
337,1,5
338,1,8
339,100,0
340,2,2
341,1,4
342,1,6
343,1,22
344,97,0
345,3,1
346,1,2
347,1,3
348,2,8
349,1,10
350,110,0
351,3,1
352,1,2
353,91,0
354,2,1
355,1,2
356,1,3
357,1,7
358,1,8
359,2,10
360,1,12
361,1,26
362,83,0
363,1,1
364,1,2
365,2,4
366,1,5
367,1,14
368,1,25
369,1,36
370,120,0
371,1,1
372,1,3
373,2,5
374,1,6
375,99,0
376,2,1
377,2,3
378,1,5
379,97,0
380,8,1
381,2,2
382,1,3
383,82,0
384,3,1
385,2,2
386,1,3
387,2,4
388,1,10
389,92,0
390,4,1
391,1,4
392,1,6
393,1,195
394,93,0
395,2,1
396,2,2
397,1,3
398,1,4
399,1,15
400,90,0
401,3,1
402,1,2
403,1,20
404,1,21
405,98,0
406,5,1
407,3,2
408,1,3
409,1,6
410,1,46
411,94,0
412,3,1
413,1,3
414,84,0
415,2,1
416,1,3
417,1,6
418,1,18
419,75,0
420,1,1
421,1,2
422,2,4
423,68,0
424,4,1
425,1,6
426,82,0
427,3,1
428,1,3
429,1,4
430,1,12
431,1,26
432,1,30
433,1,97
434,71,0
435,1,1
436,2,2
437,1,3
438,1,6
439,1,7
440,87,0
441,2,1
442,3,2
443,2,4
444,1,22
445,69,0
446,1,2
447,1,4
448,1,11
449,1,15
450,78,0
451,2,1
452,61,0
453,5,1
454,2,2
455,1,3
456,1,4
457,1,13
458,78,0
459,2,1
460,1,4
461,1,6
462,1,7
463,1,11
464,75,0
465,4,1
466,1,4
467,1,6
468,1,37
469,68,0
470,3,1
471,1,3
472,1,9
473,61,0
474,1,1
475,1,2
476,2,4
477,1,15
478,71,0
479,3,1
480,2,2
481,1,4
482,1,5
483,1,7
484,65,0
485,1,1
486,3,2
487,1,11
488,55,0
489,1,1
490,2,2
491,2,3
492,1,19
493,69,0
494,2,1
495,1,3
496,2,4
497,1,7
498,1,9
499,1,16
500,68,0
501,3,1
502,1,3
503,1,9
504,1,19
505,67,0
506,3,1
507,1,2
508,2,6
509,1,50
510,60,0
511,2,1
512,2,2
513,1,3
514,1,10
515,76,0
516,1,1
517,1,10
518,63,0
519,4,1
520,2,4
521,1,5
522,48,0
523,2,1
524,2,2
525,1,3
526,59,0
527,1,1
528,1,4
529,1,7
530,1,8
531,66,0
532,1,1
533,56,0
534,4,1
535,1,2
536,1,3
537,62,0
538,3,1
539,2,2
540,1,3
541,1,4
542,1,9
543,69,0
544,3,1
545,1,6
546,1,7
547,1,8
548,1,24
549,58,0
550,2,1
551,1,4
552,1,19
553,45,0
554,2,1
555,3,2
556,1,4
557,1,20
558,1,47
559,65,0
560,1,1
561,1,3
562,1,5
563,1,10
564,58,0
565,2,1
566,1,3
567,1,6
568,1,10
569,51,0
570,1,1
571,1,2
572,1,3
573,1,5
574,1,8
575,58,0
576,1,2
577,2,4
578,1,9
579,1,14
580,1,17
581,51,0
582,6,1
583,1,4
584,56,0
585,2,1
586,1,3
587,1,5
588,66,0
589,2,1
590,1,3
591,1,48
592,57,0
593,2,1
594,2,3
595,1,4
596,1,6
597,1,41
598,49,0
599,1,2
600,1,3
601,1,27
602,1,36
603,49,0
604,1,4
605,60,0
606,4,1
607,1,2
608,52,0
609,2,1
610,1,2
611,1,3
612,1,5
613,1,14
614,1,25
615,1,27
616,73,0
617,1,3
618,1,5
619,1,122
620,49,0
621,2,2
622,1,8
623,1,38
624,57,0
625,1,1
626,1,9
627,66,0
628,1,1
629,1,6
630,1,34
631,45,0
632,1,1
633,1,3
634,1,22
635,61,0
636,57,0
637,1,1
638,1,3
639,1,47
640,56,0
641,2,1
642,3,3
643,44,0
644,2,1
645,2,2
646,61,0
647,2,1
648,1,2
649,1,4
650,52,0
651,45,0
652,1,1
653,1,2
654,1,14
655,70,0
656,1,1
657,2,3
658,43,0
659,2,2
660,1,3
661,1,46
662,40,0
663,1,1
664,1,2
665,1,5
666,1,14
667,1,15
668,38,0
669,2,1
670,1,5
671,59,0
672,1,1
673,1,4
674,1,10
675,46,0
676,1,7
677,1,16
678,43,0
679,1,1
680,1,2
681,1,4
682,37,0
683,2,1
684,1,2
685,1,3
686,1,4
687,1,22
688,43,0
689,2,1
690,2,3
691,45,0
692,1,2
693,2,8
694,58,0
695,2,1
696,1,3
697,1,17
698,1,39
699,41,0
700,1,2
701,1,22
702,36,0
703,2,3
704,1,4
705,1,8
706,1,17
707,42,0
708,2,1
709,1,4
710,41,0
711,2,1
712,1,2
713,1,51
714,51,0
715,3,1
716,1,2
717,1,3
718,1,5
719,44,0
720,1,2
721,47,0
722,1,1
723,28,0
724,1,1
725,1,3
726,44,0
727,1,1
728,2,3
729,1,5
730,48,0
731,1,1
732,1,3
733,48,0
734,4,1
735,1,2
736,1,4
737,1,52
738,46,0
739,1,1
740,1,2
741,1,11
742,51,0
743,1,2
744,1,4
745,1,12
746,1,53
747,39,0
748,2,1
749,1,3
750,38,0
751,2,1
752,1,2
753,1,4
754,43,0
755,1,1
756,1,2
757,34,0
758,3,1
759,1,2
760,1,17
761,1,18
762,41,0
763,2,1
764,1,6
765,1,22
766,36,0
767,2,1
768,1,2
769,1,10
770,43,0
771,44,0
772,3,1
773,1,2
774,1,3
775,1,4
776,31,0
777,1,1
778,1,2
779,1,3
780,1,8
781,1,12
782,31,0
783,1,1
784,27,0
785,1,32
786,47,0
787,1,55
788,33,0
789,3,1
790,1,9
791,1,40
792,32,0
793,3,1
794,1,4
795,1,7
796,42,0
797,2,1
798,1,10
799,42,0
800,1,1
801,1,2
802,1,3
803,1,12
804,34,0
805,3,1
806,4,2
807,40,0
808,1,1
809,21,0
810,2,1
811,2,3
812,1,19
813,33,0
814,3,1
815,38,0
816,2,1
817,1,3
818,1,7
819,1,11
820,1,31
821,38,0
822,1,1
823,1,2
824,1,6
825,1,27
826,51,0
827,1,39
828,29,0
829,1,1
830,1,2
831,1,3
832,1,4
833,26,0
834,3,1
835,2,3
836,1,6
837,1,17
838,32,0
839,1,1
840,2,2
841,28,0
842,2,1
843,24,0
844,2,1
845,1,3
846,25,0
847,1,1
848,1,48
849,28,0
850,1,42
851,32,0
852,1,1
853,32,0
854,2,1
855,25,0
856,1,27
857,30,0
858,1,8
859,1,12
860,30,0
861,1,1
862,1,29
863,28,0
864,1,1
865,1,16
866,31,0
867,1,3
868,1,39
869,26,0
870,2,3
871,23,0
872,2,1
873,1,3
874,2,21
875,28,0
876,3,1
877,1,3
878,43,0
879,1,8
880,32,0
881,1,1
882,1,3
883,29,0
884,2,1
885,2,2
886,37,0
887,1,1
888,1,6
889,43,0
890,2,1
891,1,84
892,37,0
893,2,1
894,2,2
895,1,4
896,30,0
897,1,1
898,1,2
899,34,0
900,1,1
901,1,2
902,1,12
903,29,0
904,1,1
905,1,15
906,1,17
907,26,0
908,2,2
909,1,3
910,3,6
911,1,7
912,26,0
913,3,1
914,1,2
915,1,6
916,31,0
917,1,1
918,1,7
919,1,32
920,31,0
921,1,6
922,1,13
923,28,0
924,1,1
925,1,5
926,41,0
927,1,1
928,1,2
929,2,3
930,40,0
931,1,1
932,1,12
933,34,0
934,1,4
935,1,9
936,35,0
937,1,1
938,1,3
939,24,0
940,1,1
941,29,0
942,1,1
943,1,5
944,1,9
945,1,66
946,25,0
947,1,1
948,2,2
949,1,3
950,1,6
951,1,21
952,36,0
953,1,15
954,28,0
955,1,2
956,1,13
957,31,0
958,1,1
959,1,7
960,31,0
961,1,1
962,1,5
963,30,0
964,2,2
965,1,3
966,1,26
967,40,0
968,36,0
969,14,0
970,3,1
971,1,4
972,21,0
973,1,1
974,2,2
975,1,6
976,25,0
977,1,3
978,1,4
979,1,5
980,1,20
981,20,0
982,2,1
983,1,3
984,1,5
985,1,6
986,35,0
987,1,11
988,22,0
989,1,1
990,1,2
991,30,0
992,1,1
993,23,0
994,1,5
995,23,0
996,1,3
997,1,4
998,25,0
999,2,1
1000,1,19
1001,20,0
1002,1,1
1003,11,0
1004,1,3
1005,1,11
1006,1,37
1007,24,0
1008,9,0
1009,1,3
1010,22,0
1011,15,0
1012,15,0
1013,11,0
1014,1,3
1015,1,6
1016,22,0
1017,11,0
1018,28,0
1019,1,2
1020,1,7
1021,1,22
1022,25,0
1023,22,0
1024,1,1
1025,18,0
1026,20,0
1027,1,1
1028,20,0
1029,1,1
1030,1,15
1031,17,0
1032,1,2
1033,16,0
1034,1,1
1035,1,4
1036,18,0
1037,2,2
1038,1,3
1039,15,0
1040,2,1
1041,1,2
1042,1,8
1043,23,0
1044,1,2
1045,1,6
1046,1,10
1047,1,12
1048,22,0
1049,2,1
1050,1,15
1051,24,0
1052,1,9
1053,18,0
1054,2,1
1055,22,0
1056,1,1
1057,1,4
1058,17,0
1059,1,4
1060,1,5
1061,14,0
1062,1,5
1063,1,10
1064,1,11
1065,1,20
1066,14,0
1067,1,1
1068,15,0
1069,1,4
1070,16,0
1071,2,1
1072,1,6
1073,18,0
1074,1,1
1075,1,3
1076,1,11
1077,18,0
1078,15,0
1079,18,0
1080,1,1
1081,1,2
1082,1,14
1083,20,0
1084,1,1
1085,1,3
1086,1,7
1087,1,10
1088,1,14
1089,23,0
1090,2,1
1091,1,2
1092,1,3
1093,31,0
1094,1,1
1095,2,2
1096,1,4
1097,36,0
1098,1,2
1099,1,5
1100,11,0
1101,1,2
1102,15,0
1103,1,1
1104,23,0
1105,2,1
1106,1,4
1107,1,24
1108,21,0
1109,1,1
1110,1,2
1111,1,8
1112,29,0
1113,1,2
1114,1,3
1115,1,4
1116,24,0
1117,16,0
1118,1,13
1119,1,30
1120,7,0
1121,2,1
1122,2,2
1123,16,0
1124,1,1
1125,19,0
1126,1,1
1127,1,2
1128,26,0
1129,1,1
1130,24,0
1131,1,1
1132,16,0
1133,9,0
1134,1,1
1135,1,2
1136,8,0
1137,1,9
1138,28,0
1139,1,6
1140,22,0
1141,29,0
1142,1,3
1143,22,0
1144,2,1
1145,1,50
1146,12,0
1147,1,2
1148,1,8
1149,6,0
1150,1,2
1151,1,7
1152,12,0
1153,1,10
1154,1,15
1155,15,0
1156,1,1
1157,1,3
1158,14,0
1159,1,1
1160,1,2
1161,16,0
1162,1,2
1163,15,0
1164,1,385
1165,12,0
1166,1,1
1167,11,0
1168,1,1
1169,1,2
1170,1,3
1171,1,30
1172,12,0
1173,1,1
1174,1,2
1175,1,12
1176,1,50
1177,20,0
1178,1,1
1179,11,0
1180,2,1
1181,1,8
1182,9,0
1183,1,1
1184,1,12
1185,10,0
1186,2,3
1187,1,12
1188,11,0
1189,1,6
1190,13,0
1191,1,1
1192,17,0
1193,1,1
1194,1,5
1195,16,0
1196,2,1
1197,1,13
1198,14,0
1199,1,8
1200,11,0
1201,1,1
1202,1,3
1203,17,0
1204,6,0
1205,1,1
1206,1,2
1207,1,4
1208,1,5
1209,14,0
1210,1,4
1211,18,0
1212,1,1
1213,1,2
1214,12,0
1215,1,2
1216,1,3
1217,17,0
1218,1,6
1219,15,0
1220,1,2
1221,3,3
1222,9,0
1223,1,1
1224,1,2
1225,1,3
1226,1,5
1227,1,10
1228,15,0
1229,1,3
1230,1,24
1231,1,41
1232,10,0
1233,1,1
1234,1,4
1235,1,13
1236,12,0
1237,1,1
1238,1,10
1239,14,0
1240,1,1
1241,1,3
1242,1,4
1243,17,0
1244,1,5
1245,1,6
1246,18,0
1247,1,1
1248,1,4
1249,18,0
1250,2,1
1251,1,3
1252,21,0
1253,1,1
1254,15,0
1255,1,1
1256,9,0
1257,1,1
1258,1,4
1259,1,16
1260,1,29
1261,18,0
1262,1,1
1263,1,5
1264,10,0
1265,15,0
1266,1,53
1267,13,0
1268,1,1
1269,20,0
1270,25,0
1271,1,25
1272,16,0
1273,1,5
1274,1,16
1275,11,0
1276,2,3
1277,3,4
1278,14,0
1279,16,0
1280,20,0
1281,1,2
1282,1,24
1283,15,0
1284,1,3
1285,1,10
1286,14,0
1287,1,2
1288,1,4
1289,15,0
1290,1,1
1291,10,0
1292,1,1
1293,16,0
1294,1,1
1295,14,0
1296,2,1
1297,1,41
1298,22,0
1299,1,6
1300,16,0
1301,8,0
1302,7,0
1303,1,1
1304,1,3
1305,13,0
1306,2,1
1307,11,0
1308,9,0
1309,19,0
1310,1,3
1311,1,5
1312,17,0
1313,7,0
1314,17,0
1315,17,0
1316,1,61
1317,8,0
1318,3,0
1319,1,1
1320,1,3
1321,1,7
1322,12,0
1323,1,1
1324,8,0
1325,1,1
1326,1,5
1327,15,0
1328,1,4
1329,7,0
1330,9,0
1331,2,1
1332,1,19
1333,16,0
1334,1,1
1335,2,4
1336,13,0
1337,1,5
1338,12,0
1339,1,3
1340,1,4
1341,5,0
1342,18,0
1343,1,3
1344,1,14
1345,11,0
1346,1,3
1347,10,0
1348,1,1
1349,1,4
1350,1,8
1351,11,0
1352,6,0
1353,1,4
1354,18,0
1355,16,0
1356,1,5
1357,16,0
1358,1,5
1359,5,0
1360,1,12
1361,2,15
1362,1,24
1363,14,0
1364,9,0
1365,1,1
1366,1,2
1367,1,4
1368,14,0
1369,1,77
1370,8,0
1371,5,0
1372,1,5
1373,23,0
1374,1,1
1375,6,0
1376,1,1
1377,13,0
1378,11,0
1379,1,26
1380,1,33
1381,9,0
1382,1,2
1383,1,33
1384,5,0
1385,13,0
1386,1,2
1387,1,3
1388,1,26
1389,12,0
1390,1,2
1391,15,0
1392,11,0
1393,1,3
1394,10,0
1395,2,1
1396,1,7
1397,15,0
1398,1,14
1399,8,0
1400,1,1
1401,9,0
1402,12,0
1403,8,0
1404,1,3
1405,10,0
1406,1,4
1407,1,20
1408,14,0
1409,1,1
1410,1,9
1411,15,0
1412,2,6
1413,10,0
1414,1,1
1415,1,2
1416,1,20
1417,7,0
1418,1,4
1419,15,0
1420,1,1
1421,16,0
1422,2,1
1423,23,0
1424,2,2
1425,1,3
1426,14,0
1427,8,0
1428,1,1
1429,12,0
1430,2,1
1431,1,7
1432,8,0
1433,1,1
1434,1,4
1435,1,71
1436,12,0
1437,1,4
1438,14,0
1439,1,5
1440,6,0
1441,1,19
1442,7,0
1443,1,2
1444,1,4
1445,1,9
1446,9,0
1447,1,1
1448,6,0
1449,1,10
1450,16,0
1451,11,0
1452,1,3
1453,1,175
1454,14,0
1455,2,4
1456,1,7
1457,1,36
1458,17,0
1459,15,0
1460,7,0
1461,9,0
1462,12,0
1463,1,45
1464,20,0
1465,1,5
1466,11,0
1467,1,37
1468,21,0
1469,1,2
1470,1,3
1471,15,0
1472,1,1
1473,1,20
1474,14,0
1475,1,1
1476,1,2
1477,8,0
1478,16,0
1479,3,1
1480,8,0
1481,1,1
1482,2,3
1483,9,0
1484,1,1
1485,1,2
1486,10,0
1487,11,0
1488,1,1
1489,1,2
1490,14,0
1491,1,1
1492,15,0
1493,16,0
1494,10,0
1495,1,2
1496,9,0
1497,1,1
1498,1,9
1499,6,0
1500,13,0
1501,1,6
1502,1,15
1503,20,0
1504,7,0
1505,4,0
1506,1,1
1507,1,2
1508,11,0
1509,1,2
1510,1,8
1511,1,41
1512,12,0
1513,1,1
1514,7,0
1515,1,84
1516,6,0
1517,1,3
1518,13,0
1519,15,0
1520,1,22
1521,2,0
1522,2,1
1523,8,0
1524,9,0
1525,1,1
1526,5,0
1527,1,30
1528,8,0
1529,1,1
1530,1,2
1531,1,3
1532,1,5
1533,12,0
1534,1,5
1535,1,13
1536,15,0
1537,5,0
1538,1,2
1539,1,22
1540,10,0
1541,1,1
1542,1,2
1543,1,6
1544,14,0
1545,9,0
1546,9,0
1547,1,14
1548,12,0
1549,10,0
1550,1,5
1551,1,41
1552,10,0
1553,1,3
1554,7,0
1555,1,2
1556,11,0
1557,1,1
1558,1,3
1559,4,0
1560,1,2
1561,1,15
1562,7,0
1563,1,1
1564,1,2
1565,1,14
1566,13,0
1567,1,1
1568,10,0
1569,1,1
1570,7,0
1571,2,1
1572,1,3
1573,1,40
1574,11,0
1575,1,1
1576,13,0
1577,1,1
1578,1,2
1579,1,9
1580,9,0
1581,1,1
1582,1,10
1583,7,0
1584,1,1
1585,1,3
1586,1,48
1587,6,0
1588,8,0
1589,1,12
1590,6,0
1591,1,2
1592,18,0
1593,1,1
1594,9,0
1595,1,2
1596,19,0
1597,1,3
1598,1,8
1599,7,0
1600,1,1
1601,1,5
1602,8,0
1603,1,2
1604,1,5
1605,8,0
1606,1,1
1607,8,0
1608,1,5
1609,5,0
1610,1,1
1611,14,0
1612,1,1
1613,1,14
1614,13,0
1615,1,1
1616,10,0
1617,12,0
1618,9,0
1619,2,2
1620,1,4
1621,4,0
1622,1,1
1623,8,0
1624,1,1
1625,1,2
1626,6,0
1627,1,3
1628,5,0
1629,1,1
1630,10,0
1631,8,0
1632,1,5
1633,9,0
1634,6,0
1635,1,2
1636,14,0
1637,7,0
1638,5,0
1639,9,0
1640,1,10
1641,2,0
1642,1,1
1643,1,5
1644,9,0
1645,1,1
1646,6,0
1647,1,6
1648,11,0
1649,9,0
1650,1,4
1651,12,0
1652,1,1
1653,11,0
1654,1,141
1655,15,0
1656,1,1
1657,1,3
1658,5,0
1659,1,1
1660,1,3
1661,1,17
1662,8,0
1663,2,1
1664,1,3
1665,1,9
1666,4,0
1667,1,1
1668,7,0
1669,1,4
1670,11,0
1671,8,0
1672,5,0
1673,8,0
1674,2,0
1675,3,1
1676,1,14
1677,10,0
1678,11,0
1679,4,0
1680,10,0
1681,8,0
1682,11,0
1683,3,0
1684,1,1
1685,3,0
1686,1,9
1687,5,0
1688,1,4
1689,5,0
1690,1,1
1691,6,0
1692,1,2
1693,2,3
1694,15,0
1695,5,0
1696,11,0
1697,9,0
1698,1,1
1699,1,14
1700,8,0
1701,12,0
1702,1,22
1703,9,0
1704,8,0
1705,10,0
1706,1,2
1707,10,0
1708,1,4
1709,6,0
1710,1,1
1711,1,2
1712,1,11
1713,1,32
1714,3,0
1715,1,12
1716,1,17
1717,6,0
1718,1,1
1719,2,2
1720,10,0
1721,1,1
1722,3,0
1723,19,0
1724,1,2
1725,11,0
1726,8,0
1727,1,1
1728,7,0
1729,6,0
1730,1,2
1731,14,0
1732,2,1
1733,1,3
1734,12,0
1735,8,0
1736,9,0
1737,1,44
1738,9,0
1739,1,92
1740,13,0
1741,5,0
1742,1,3
1743,1,10
1744,10,0
1745,1,3
1746,7,0
1747,1,1
1748,15,0
1749,10,0
1750,3,0
1751,5,0
1752,2,1
1753,5,0
1754,1,1
1755,1,3
1756,5,0
1757,1,1
1758,10,0
1759,15,0
1760,7,0
1761,7,0
1762,1,2
1763,1,19
1764,1,31
1765,8,0
1766,7,0
1767,7,0
1768,1,4
1769,6,0
1770,1,4
1771,7,0
1772,1,2
1773,1,21
1774,9,0
1775,1,3
1776,1,4
1777,11,0
1778,1,3
1779,1,6
1780,6,0
1781,10,0
1782,11,0
1783,9,0
1784,6,0
1785,15,0
1786,7,0
1787,2,1
1788,8,0
1789,2,0
1790,1,2
1791,8,0
1792,1,3
1793,1,12
1794,3,0
1795,1,7
1796,13,0
1797,1,13
1798,6,0
1799,1,6
1800,1,9
1801,11,0
1802,1,1
1803,1,3
1804,7,0
1805,1,1
1806,6,0
1807,1,1
1808,5,0
1809,1,1
1810,1,2
1811,10,0
1812,6,0
1813,1,1
1814,11,0
1815,7,0
1816,2,1
1817,4,0
1818,3,0
1819,4,0
1820,10,0
1821,1,11
1822,5,0
1823,1,8
1824,13,0
1825,13,0
1826,1,2
1827,13,0
1828,1,2
1829,6,0
1830,1,2
1831,1,6
1832,1,10
1833,7,0
1834,1,1
1835,1,19
1836,7,0
1837,1,3
1838,7,0
1839,4,0
1840,7,0
1841,6,0
1842,5,0
1843,1,4
1844,1,6
1845,10,0
1846,1,19
1847,9,0
1848,1,1
1849,6,0
1850,1,2
1851,1,9
1852,1,16
1853,7,0
1854,6,0
1855,8,0
1856,1,4
1857,8,0
1858,1,1
1859,1,13
1860,10,0
1861,4,0
1862,1,1
1863,6,0
1864,7,0
1865,11,0
1866,1,1
1867,1,6
1868,14,0
1869,12,0
1870,7,0
1871,1,2
1872,1,19
1873,8,0
1874,5,0
1875,3,0
1876,7,0
1877,5,0
1878,1,6
1879,7,0
1880,1,1
1881,4,0
1882,1,2
1883,8,0
1884,3,0
1885,8,0
1886,5,0
1887,1,1
1888,5,0
1889,4,0
1890,4,0
1891,1,13
1892,10,0
1893,2,1
1894,3,0
1895,6,0
1896,1,1
1897,1,3
1898,1,7
1899,5,0
1900,1,2
1901,9,0
1902,6,0
1903,7,0
1904,1,1
1905,8,0
1906,1,12
1907,11,0
1908,1,1
1909,1,3
1910,12,0
1911,12,0
1912,8,0
1913,1,1
1914,5,0
1915,1,11
1916,7,0
1917,1,2
1918,1,4
1919,5,0
1920,1,1
1921,1,2
1922,11,0
1923,1,6
1924,9,0
1925,5,0
1926,5,0
1927,2,0
1928,1,9
1929,12,0
1930,1,4
1931,8,0
1932,1,2
1933,8,0
1934,10,0
1935,1,1
1936,5,0
1937,1,2
1938,3,0
1939,1,15
1940,10,0
1941,1,13
1942,7,0
1943,6,0
1944,1,1
1945,1,3
1946,1,16
1947,4,0
1948,7,0
1949,7,0
1950,4,0
1951,1,4
1952,1,10
1953,3,0
1954,9,0
1955,6,0
1956,11,0
1957,1,1
1958,11,0
1959,1,1
1960,7,0
1961,6,0
1962,1,1
1963,1,3
1964,1,19
1965,12,0
1966,1,3
1967,7,0
1968,8,0
1969,1,1
1970,1,13
1971,12,0
1972,6,0
1973,1,1
1974,1,3
1975,6,0
1976,1,1
1977,1,5
1978,9,0
1979,4,0
1980,1,2
1981,13,0
1982,1,2
1983,1,14
1984,8,0
1985,4,0
1986,9,0
1987,4,0
1988,5,0
1989,6,0
1990,1,2
1991,8,0
1992,1,11
1993,3,0
1994,6,0
1995,1,26
1996,8,0
1997,3,0
1998,1,6
1999,6,0
2000,3,0
2001,3,0
2002,1,9
2003,1,14
2004,1,28
2005,9,0
2006,1,15
2007,1,305
2008,8,0
2009,3,0
2010,2,0
2011,6,0
2012,1,2
2013,8,0
2014,1,10
2015,5,0
2016,1,2
2017,1,17
2018,7,0
2019,4,0
2020,1,17
2021,5,0
2022,7,0
2023,2,0
2024,8,0
2025,1,1
2026,1,35
2027,7,0
2028,4,0
2029,1,3
2030,1,8
2031,6,0
2032,7,0
2033,10,0
2034,1,4
2035,1,9
2036,7,0
2037,2,1
2038,18,0
2039,9,0
2040,1,2
2041,4,0
2042,1,15
2043,2,0
2044,1,3
2045,5,0
2046,20,0
2047,1,1
2048,10,0
2049,1,13
2050,7,0
2051,4,0
2052,6,0
2053,1,1
2054,4,0
2055,3,0
2056,1,12
2057,6,0
2058,4,0
2059,2,0
2060,5,0
2061,1,4
2062,5,0
2063,1,1
2064,1,33
2065,8,0
2066,11,0
2067,1,6
2068,7,0
2069,1,8
2070,1,15
2071,14,0
2072,3,1
2073,9,0
2074,1,8
2075,9,0
2076,6,0
2077,1,11
2078,7,0
2079,1,1
2080,10,0
2081,1,8
2082,9,0
2083,1,8
2084,5,0
2085,1,9
2086,1,18
2087,9,0
2088,5,0
2089,1,1
2090,7,0
2091,4,0
2092,6,0
2093,1,2
2094,1,3
2095,1,4
2096,1,0
2097,1,5
2098,5,0
2099,10,0
2100,4,0
2101,4,0
2102,1,1
2103,4,0
2104,4,0
2105,3,0
2106,4,0
2107,1,1
2108,1,13
2109,4,0
2110,1,10
2111,5,0
2112,2,0
2113,2,0
2114,1,3
2115,2,0
2116,5,0
2117,6,0
2118,4,0
2119,6,0
2120,1,19
2121,4,0
2122,1,1
2123,5,0
2124,3,0
2125,3,0
2126,1,1
2127,1,2
2128,6,0
2129,3,0
2130,1,3
2131,1,10
2132,4,0
2133,1,7
2134,3,0
2135,1,1
2136,6,0
2137,6,0
2138,3,0
2139,7,0
2140,2,0
2141,1,17
2142,1,0
2143,6,0
2144,4,0
2145,1,3
2146,5,0
2147,1,1
2148,1,11
2149,3,0
2150,1,4
2151,3,0
2152,4,0
2153,5,0
2154,1,5
2155,1,18
2156,7,0
2157,5,0
2158,1,1
2159,2,0
2160,4,0
2161,1,7
2162,10,0
2163,1,3
2164,1,9
2165,5,0
2166,9,0
2167,1,18
2168,6,0
2169,1,3
2170,11,0
2171,5,0
2172,1,2
2173,9,0
2174,4,0
2175,2,0
2176,3,0
2177,1,1
2178,5,0
2179,9,0
2180,1,4
2181,1,0
2182,4,0
2183,1,3
2184,1,14
2185,6,0
2186,1,1
2187,1,29
2188,9,0
2189,1,4
2190,7,0
2191,1,6
2192,4,0
2193,1,1
2194,4,0
2195,8,0
2196,6,0
2197,5,0
2198,9,0
2199,5,0
2200,3,0
2201,1,1
2202,1,94
2203,7,0
2204,1,2
2205,5,0
2206,7,0
2207,1,9
2208,4,0
2209,1,15
2210,4,0
2211,1,3
2212,8,0
2213,4,0
2214,1,0
2215,1,0
2216,6,0
2217,3,0
2218,5,0
2219,8,0
2220,9,0
2221,1,5
2222,1,10
2223,7,0
2224,1,12
2225,8,0
2226,1,3
2227,4,0
2228,2,0
2229,4,0
2230,1,11
2231,5,0
2232,1,2
2233,2,0
2234,1,2
2235,8,0
2236,6,0
2237,1,1
2238,4,0
2239,1,1
2240,4,0
2241,1,8
2242,4,0
2243,1,3
2244,4,0
2245,4,0
2246,1,1
2247,2,0
2248,2,1
2249,1,3
2250,1,15
2251,3,0
2252,3,0
2253,6,0
2254,1,2
2255,1,13
2256,5,0
2257,1,1
2258,1,2
2259,3,0
2260,1,1
2261,4,0
2262,5,0
2263,1,1
2264,2,3
2265,1,27
2266,7,0
2267,1,3
2268,13,0
2269,7,0
2270,3,0
2271,11,0
2272,5,0
2273,4,0
2274,2,0
2275,2,0
2276,2,1
2277,2,0
2278,3,0
2279,2,0
2280,1,6
2281,2,0
2282,4,0
2283,3,0
2284,1,25
2285,2,0
2286,6,0
2287,1,1
2288,2,0
2289,1,0
2290,1,11
2291,5,0
2292,4,0
2293,1,11
2294,1,0
2295,1,0
2296,4,0
2297,3,0
2298,1,10
2299,3,0
2300,1,1
2301,1,3
2302,3,0
2303,3,0
2304,7,0
2305,8,0
2306,1,12
2307,4,0
2308,3,0
2309,2,0
2310,2,0
2311,3,0
2312,7,0
2313,2,0
2314,1,0
2315,5,0
2316,3,0
2317,2,0
2318,3,0
2319,2,0
2320,1,0
2321,5,0
2322,1,0
2323,1,29
2324,4,0
2325,3,0
2326,1,8
2327,1,12
2328,1,0
2329,2,0
2330,1,0
2331,1,2
2332,1,0
2333,1,2
2334,4,0
2335,2,0
2336,2,0
2337,5,0
2338,2,0
2339,9,0
2340,1,1
2341,4,0
2342,4,0
2343,1,1
2344,2,0
2345,5,0
2346,1,1
2347,1,17
2348,3,0
2349,1,10
2350,2,0
2351,1,4
2352,1,0
2353,1,1
2354,1,11
2355,4,0
2356,2,0
2357,2,0
2358,2,0
2359,3,0
2360,1,8
2361,1,12
2362,6,0
2363,3,0
2364,1,0
2365,1,1
2366,2,0
2367,1,15
2368,3,0
2369,1,6
2370,1,0
2371,4,0
2372,1,14
2373,1,0
2374,2,0
2375,3,0
2376,2,0
2377,1,0
2378,5,0
2379,1,2
2380,1,0
2381,4,0
2382,2,0
2383,1,1
2384,2,0
2385,2,0
2386,1,15
2387,4,0
2388,5,0
2389,2,0
2390,1,11
2391,3,0
2392,2,0
2393,4,0
2394,6,0
2395,1,9
2396,1,0
2397,2,0
2398,2,0
2399,3,0
2400,5,0
2401,1,5
2402,1,6
2403,1,10
2404,3,0
2405,2,0
2406,2,0
2407,1,0
2408,1,13
2409,5,0
2410,2,0
2411,1,7
2412,6,0
2413,1,0
2414,2,0
2415,1,2
2416,1,4
2417,1,0
2418,2,0
2419,2,0
2420,1,0
2421,1,0
2422,1,9
2423,3,0
2424,3,0
2425,2,0
2426,1,10
2427,1,0
2428,3,0
2429,1,0
2430,4,0
2431,2,0
2432,1,1
2433,2,0
2434,1,6
2435,2,0
2436,1,13
2437,1,0
2438,4,0
2439,1,0
2440,1,17
2441,2,0
2442,2,0
2443,1,12
2444,2,0
2445,1,0
2446,1,4
2447,2,0
2448,1,0
2449,1,12
2450,3,0
2451,1,0
2452,3,0
2453,6,0
2454,6,0
2455,1,0
2456,1,0
2457,1,0
2458,4,0
2459,1,11
2460,3,0
2461,1,6
2462,4,0
2463,1,0
2464,4,0
2465,1,0
2466,4,0
2467,3,0
2468,1,7
2469,2,0
2470,1,0
2471,1,0
2472,1,0
2473,1,1
2474,3,0
2475,2,0
2476,1,11
2477,2,0
2478,5,0
2479,3,0
2480,1,8
2481,1,0
2482,3,0
2483,3,0
2484,1,0
2485,5,0
2486,2,0
2487,3,0
2488,1,10
2489,1,12
2490,3,0
2491,2,0
2492,1,0
2493,3,0
2494,9,0
2495,5,0
2496,1,1
2497,5,0
2498,8,0
2499,1,16
2500,9,0
2501,1,2
2502,2,0
2503,1,9
2504,3,0
2505,1,12
2506,3,0
2507,1,19
2508,2,0
2509,2,0
2510,1,0
2511,1,0
2512,1,29
2513,5,0
2514,6,0
2515,1,3
2516,1,5
2517,1,0
2518,2,1
2519,1,2
2520,1,0
2521,2,0
2522,1,2
2523,1,18
2524,2,0
2525,1,0
2526,3,0
2527,4,0
2528,1,0
2529,1,10
2530,1,2
2531,1,7
2532,1,265
2533,10,0
2534,1,0
2535,2,0
2536,1,0
2537,1,0
2538,3,0
2539,7,0
2540,2,0
2541,1,5
2542,1,13
2543,3,0
2544,2,0
2545,2,0
2546,1,11
2547,3,0
2548,3,0
2549,5,0
2550,1,15
2551,8,0
2552,1,1
2553,2,0
2554,1,4
2555,2,0
2556,2,0
2557,1,19
2558,4,0
2559,2,0
2560,3,0
2561,3,0
2562,1,0
2563,1,0
2564,1,0
2565,1,0
2566,1,0
2567,1,16
2568,5,0
2569,2,0
2570,1,2
2571,4,0
2572,1,8
2573,1,0
2574,1,0
2575,3,0
2576,3,0
2577,5,0
2578,2,0
2579,1,1
2580,2,0
2581,3,0
2582,3,0
2583,1,0
2584,3,0
2585,1,17
2586,3,0
2587,3,0
2588,3,0
2589,2,0
2590,1,12
2591,1,0
2592,5,0
2593,1,0
2594,1,3
2595,1,31
2596,4,0
2597,2,0
2598,1,1
2599,2,0
2600,1,3
2601,2,0
2602,1,0
2603,1,0
2604,1,0
2605,1,34
2606,5,0
2607,1,2
2608,1,66
2609,6,0
2610,2,1
2611,1,3
2612,1,4
2613,1,40
2614,1,0
2615,8,0
2616,1,42
2617,2,0
2618,2,2
2619,1,17
2620,4,0
2621,1,1
2622,5,0
2623,1,4
2624,1,7
2625,1,46
2626,6,0
2627,1,2
2628,10,0
2629,2,0
2630,1,0
2631,1,2
2632,1,6
2633,3,0
2634,3,0
2635,3,0
2636,1,2
2637,3,0
2638,1,1
2639,1,152
2640,7,0
2641,1,4
2642,3,0
2643,3,0
2644,1,3
2645,1,4
2646,3,0
2647,1,2
2648,1,3
2649,1,0
2650,1,1
2651,3,0
2652,1,6
2653,4,0
2654,3,0
2655,2,0
2656,2,0
2657,3,0
2658,1,3
2659,1,0
2660,1,0
2661,2,1
2662,6,0
2663,7,0
2664,5,0
2665,1,8
2666,1,0
2667,4,0
2668,1,15
2669,2,0
2670,1,1
2671,1,14
2672,1,16
2673,1,0
2674,1,36
2675,1,39
2676,4,0
2677,1,2
2678,2,0
2679,1,0
2680,2,0
2681,7,0
2682,5,0
2683,1,19
2684,5,0
2685,5,0
2686,1,1
2687,5,0
2688,7,0
2689,1,1
2690,1,2
2691,1,4
2692,2,0
2693,1,2
2694,1,14
2695,1,0
2696,1,7
2697,2,0
2698,1,18
2699,2,0
2700,1,1
2701,3,0
2702,2,1
2703,1,0
2704,1,0
2705,1,2
2706,2,0
2707,1,22
2708,3,0
2709,1,16
2710,2,0
2711,1,0
2712,1,4
2713,1,16
2714,6,0
2715,7,0
2716,3,0
2717,7,0
2718,4,0
2719,7,0
2720,2,0
2721,1,0
2722,1,1
2723,1,20
2724,6,0
2725,6,0
2726,1,1
2727,5,0
2728,1,0
2729,4,0
2730,10,0
2731,1,13
2732,6,0
2733,4,0
2734,1,2
2735,1,4
2736,1,6
2737,1,15
2738,2,0
2739,1,3
2740,4,0
2741,2,0
2742,1,3
2743,2,0
2744,1,0
2745,1,6
2746,2,0
2747,2,0
2748,2,0
2749,1,0
2750,1,2
2751,4,0
2752,1,15
2753,4,0
2754,1,0
2755,3,0
2756,3,0
2757,1,0
2758,1,37
2759,1,0
2760,4,0
2761,5,0
2762,1,0
2763,3,0
2764,1,4
2765,2,0
2766,3,0
2767,1,0
2768,2,0
2769,2,0
2770,1,9
2771,4,0
2772,3,0
2773,4,0
2774,5,0
2775,9,0
2776,2,0
2777,3,0
2778,1,13
2779,2,0
2780,3,0
2781,1,4
2782,1,0
2783,2,0
2784,2,0
2785,2,0
2786,1,0
2787,1,0
2788,7,0
2789,1,0
2790,2,0
2791,2,0
2792,1,253
2793,2,0
2794,2,0
2795,2,0
2796,1,2
2797,2,0
2798,2,0
2799,2,0
2800,1,11
2801,2,0
2802,1,28
2803,5,0
2804,4,0
2805,1,3
2806,1,9
2807,1,0
2808,4,0
2809,1,135
2810,2,0
2811,1,13
2812,2,0
2813,1,2
2814,2,0
2815,1,10
2816,4,0
2817,2,0
2818,3,0
2819,2,0
2820,1,0
2821,5,0
2822,2,0
2823,6,0
2824,2,0
2825,1,10
2826,3,0
2827,1,11
2828,4,0
2829,3,0
2830,1,3
2831,1,16
2832,5,0
2833,1,5
2834,1,8
2835,1,19
2836,5,0
2837,3,0
2838,4,0
2839,8,0
2840,6,0
2841,3,0
2842,3,0
2843,7,0
2844,1,6
2845,1,70
2846,6,0
2847,1,11
2848,5,0
2849,7,0
2850,1,30
2851,3,0
2852,1,0
2853,1,2
2854,1,6
2855,1,9
2856,4,0
2857,1,29
2858,9,0
2859,5,0
2860,1,1
2861,5,0
2862,4,0
2863,1,2
2864,1,11
2865,3,0
2866,4,0
2867,1,0
2868,2,0
2869,1,0
2870,1,0
2871,1,24
2872,1,0
2873,6,0
2874,3,0
2875,4,0
2876,1,0
2877,4,0
2878,1,0
2879,6,0
2880,4,0
2881,1,2
2882,3,0
2883,1,1
2884,1,8
2885,4,0
2886,5,0
2887,1,8
2888,2,0
2889,5,0
2890,2,0
2891,1,3
2892,4,0
2893,1,3
2894,5,0
2895,1,1
2896,1,0
2897,1,0
2898,1,20
2899,2,0
2900,1,0
2901,1,3
2902,2,0
2903,3,0
2904,2,0
2905,2,0
2906,3,0
2907,1,2
2908,4,0
2909,1,0
2910,1,0
2911,1,1
2912,2,0
2913,1,13
2914,1,0
2915,2,0
2916,3,0
2917,1,3
2918,2,0
2919,5,0
2920,3,0
2921,2,0
2922,3,0
2923,2,0
2924,3,0
2925,2,0
2926,1,0
2927,6,0
2928,4,0
2929,1,0
2930,1,6
2931,2,0
2932,7,0
2933,1,0
2934,2,0
